feature,importance,rank,importance_normalized,importance_cumulative
age_accel_grimage,0.9704513573838818,1,0.5096245355442581,0.5096245355442581
age_accel_phenoage,0.8574957774642095,2,0.4503068433016738,0.9599313788459319
smoking_status,0.07630058028100756,3,0.04006862115406805,1.0
var_cg00005701,0.0,4,0.0,1.0
var_cg00000042,0.0,5,0.0,1.0
var_cg00007316,0.0,6,0.0,1.0
var_cg00004067,0.0,7,0.0,1.0
var_cg00004659,0.0,8,0.0,1.0
var_cg00004956,0.0,9,0.0,1.0
var_cg00003082,0.0,10,0.0,1.0
var_cg00007780,0.0,11,0.0,1.0
var_cg00004882,0.0,12,0.0,1.0
var_cg00002513,0.0,13,0.0,1.0
var_cg00008423,0.0,14,0.0,1.0
var_cg00007494,0.0,15,0.0,1.0
var_cg00007344,0.0,16,0.0,1.0
var_cg00004050,0.0,17,0.0,1.0
var_cg00002514,0.0,18,0.0,1.0
var_cg00000697,0.0,19,0.0,1.0
var_cg00007413,0.0,20,0.0,1.0
var_cg00003438,0.0,21,0.0,1.0
var_cg00000083,0.0,22,0.0,1.0
var_cg00005686,0.0,23,0.0,1.0
PC1,0.0,24,0.0,1.0
var_cg00005743,0.0,25,0.0,1.0
var_cg00004601,0.0,26,0.0,1.0
var_cg00001676,0.0,27,0.0,1.0
PC3,0.0,28,0.0,1.0
var_cg00007961,0.0,29,0.0,1.0
var_cg00001712,0.0,30,0.0,1.0
var_cg00005580,0.0,31,0.0,1.0
var_cg00003235,0.0,32,0.0,1.0
var_cg00008678,0.0,33,0.0,1.0
var_cg00009395,0.0,34,0.0,1.0
var_cg00004583,0.0,35,0.0,1.0
var_cg00005178,0.0,36,0.0,1.0
var_cg00009645,0.0,37,0.0,1.0
var_cg00002611,0.0,38,0.0,1.0
var_cg00002641,0.0,39,0.0,1.0
var_cg00005537,0.0,40,0.0,1.0
var_cg00002394,0.0,41,0.0,1.0
var_cg00002454,0.0,42,0.0,1.0
var_cg00002427,0.0,43,0.0,1.0
var_cg00005620,0.0,44,0.0,1.0
var_cg00000243,0.0,45,0.0,1.0
var_cg00003848,0.0,46,0.0,1.0
var_cg00005267,0.0,47,0.0,1.0
PC2,0.0,48,0.0,1.0
PC5,0.0,49,0.0,1.0
PC4,0.0,50,0.0,1.0
var_cg00008041,0.0,51,0.0,1.0
assoc_cg00000260,0.0,52,0.0,1.0
assoc_cg00000287,0.0,53,0.0,1.0
assoc_cg00000288,0.0,54,0.0,1.0
assoc_cg00000326,0.0,55,0.0,1.0
assoc_cg00000346,0.0,56,0.0,1.0
assoc_cg00000374,0.0,57,0.0,1.0
assoc_cg00000439,0.0,58,0.0,1.0
assoc_cg00000480,0.0,59,0.0,1.0
assoc_cg00000493,0.0,60,0.0,1.0
assoc_cg00000555,0.0,61,0.0,1.0
assoc_cg00000576,0.0,62,0.0,1.0
assoc_cg00000601,0.0,63,0.0,1.0
assoc_cg00000611,0.0,64,0.0,1.0
assoc_cg00000687,0.0,65,0.0,1.0
assoc_cg00000731,0.0,66,0.0,1.0
assoc_cg00000746,0.0,67,0.0,1.0
assoc_cg00000808,0.0,68,0.0,1.0
assoc_cg00000978,0.0,69,0.0,1.0
assoc_cg00001012,0.0,70,0.0,1.0
assoc_cg00000248,0.0,71,0.0,1.0
assoc_cg00000163,0.0,72,0.0,1.0
assoc_cg00000146,0.0,73,0.0,1.0
PC14,0.0,74,0.0,1.0
PC6,0.0,75,0.0,1.0
PC7,0.0,76,0.0,1.0
PC8,0.0,77,0.0,1.0
PC9,0.0,78,0.0,1.0
PC10,0.0,79,0.0,1.0
PC11,0.0,80,0.0,1.0
PC12,0.0,81,0.0,1.0
PC13,0.0,82,0.0,1.0
PC15,0.0,83,0.0,1.0
assoc_cg00000107,0.0,84,0.0,1.0
PC16,0.0,85,0.0,1.0
PC17,0.0,86,0.0,1.0
PC18,0.0,87,0.0,1.0
PC19,0.0,88,0.0,1.0
PC20,0.0,89,0.0,1.0
assoc_cg00000003,0.0,90,0.0,1.0
assoc_cg00000048,0.0,91,0.0,1.0
assoc_cg00000055,0.0,92,0.0,1.0
var_cg00003403,0.0,93,0.0,1.0
var_cg00009422,0.0,94,0.0,1.0
var_cg00003594,0.0,95,0.0,1.0
var_cg00005538,0.0,96,0.0,1.0
var_cg00003472,0.0,97,0.0,1.0
var_cg00009132,0.0,98,0.0,1.0
var_cg00004885,0.0,99,0.0,1.0
var_cg00008188,0.0,100,0.0,1.0
var_cg00009106,0.0,101,0.0,1.0
var_cg00006162,0.0,102,0.0,1.0
var_cg00004111,0.0,103,0.0,1.0
var_cg00005607,0.0,104,0.0,1.0
var_cg00002350,0.0,105,0.0,1.0
var_cg00008727,0.0,106,0.0,1.0
var_cg00008446,0.0,107,0.0,1.0
var_cg00007414,0.0,108,0.0,1.0
var_cg00006046,0.0,109,0.0,1.0
var_cg00008935,0.0,110,0.0,1.0
var_cg00005651,0.0,111,0.0,1.0
var_cg00002936,0.0,112,0.0,1.0
var_cg00006888,0.0,113,0.0,1.0
var_cg00000073,0.0,114,0.0,1.0
var_cg00008928,0.0,115,0.0,1.0
var_cg00007233,0.0,116,0.0,1.0
var_cg00008732,0.0,117,0.0,1.0
assoc_cg00001104,0.0,118,0.0,1.0
var_cg00000114,0.0,119,0.0,1.0
var_cg00002824,0.0,120,0.0,1.0
var_cg00004662,0.0,121,0.0,1.0
var_cg00000097,0.0,122,0.0,1.0
var_cg00009436,0.0,123,0.0,1.0
var_cg00005104,0.0,124,0.0,1.0
var_cg00006646,0.0,125,0.0,1.0
var_cg00004929,0.0,126,0.0,1.0
var_cg00000835,0.0,127,0.0,1.0
var_cg00008800,0.0,128,0.0,1.0
var_cg00000735,0.0,129,0.0,1.0
var_cg00005882,0.0,130,0.0,1.0
var_cg00003059,0.0,131,0.0,1.0
var_cg00001977,0.0,132,0.0,1.0
var_cg00002700,0.0,133,0.0,1.0
var_cg00003931,0.0,134,0.0,1.0
var_cg00000992,0.0,135,0.0,1.0
var_cg00004272,0.0,136,0.0,1.0
var_cg00008447,0.0,137,0.0,1.0
var_cg00000128,0.0,138,0.0,1.0
var_cg00007593,0.0,139,0.0,1.0
var_cg00009118,0.0,140,0.0,1.0
var_cg00009751,0.0,141,0.0,1.0
var_cg00008420,0.0,142,0.0,1.0
var_cg00009825,0.0,143,0.0,1.0
var_cg00004460,0.0,144,0.0,1.0
var_cg00004353,0.0,145,0.0,1.0
var_cg00003448,0.0,146,0.0,1.0
var_cg00002948,0.0,147,0.0,1.0
var_cg00001644,0.0,148,0.0,1.0
var_cg00007582,0.0,149,0.0,1.0
var_cg00001355,0.0,150,0.0,1.0
var_cg00003402,0.0,151,0.0,1.0
var_cg00007096,0.0,152,0.0,1.0
var_cg00001025,0.0,153,0.0,1.0
var_cg00005436,0.0,154,0.0,1.0
var_cg00005154,0.0,155,0.0,1.0
var_cg00001631,0.0,156,0.0,1.0
var_cg00007820,0.0,157,0.0,1.0
var_cg00006241,0.0,158,0.0,1.0
var_cg00007891,0.0,159,0.0,1.0
var_cg00007802,0.0,160,0.0,1.0
var_cg00001953,0.0,161,0.0,1.0
var_cg00008857,0.0,162,0.0,1.0
var_cg00005940,0.0,163,0.0,1.0
var_cg00002089,0.0,164,0.0,1.0
var_cg00000194,0.0,165,0.0,1.0
var_cg00002638,0.0,166,0.0,1.0
var_cg00002254,0.0,167,0.0,1.0
var_cg00007705,0.0,168,0.0,1.0
var_cg00001550,0.0,169,0.0,1.0
var_cg00004605,0.0,170,0.0,1.0
var_cg00003317,0.0,171,0.0,1.0
var_cg00007358,0.0,172,0.0,1.0
var_cg00007790,0.0,173,0.0,1.0
var_cg00004533,0.0,174,0.0,1.0
var_cg00004492,0.0,175,0.0,1.0
var_cg00003323,0.0,176,0.0,1.0
var_cg00006100,0.0,177,0.0,1.0
var_cg00003222,0.0,178,0.0,1.0
var_cg00005350,0.0,179,0.0,1.0
var_cg00002017,0.0,180,0.0,1.0
var_cg00003901,0.0,181,0.0,1.0
var_cg00009540,0.0,182,0.0,1.0
var_cg00009121,0.0,183,0.0,1.0
assoc_cg00001068,0.0,184,0.0,1.0
assoc_cg00001192,0.0,185,0.0,1.0
assoc_cg00001147,0.0,186,0.0,1.0
assoc_cg00006743,0.0,187,0.0,1.0
assoc_cg00006992,0.0,188,0.0,1.0
assoc_cg00007170,0.0,189,0.0,1.0
assoc_cg00007238,0.0,190,0.0,1.0
assoc_cg00007330,0.0,191,0.0,1.0
assoc_cg00007407,0.0,192,0.0,1.0
assoc_cg00007433,0.0,193,0.0,1.0
assoc_cg00007438,0.0,194,0.0,1.0
assoc_cg00007465,0.0,195,0.0,1.0
assoc_cg00007500,0.0,196,0.0,1.0
assoc_cg00007518,0.0,197,0.0,1.0
assoc_cg00007539,0.0,198,0.0,1.0
assoc_cg00007633,0.0,199,0.0,1.0
assoc_cg00007662,0.0,200,0.0,1.0
assoc_cg00007746,0.0,201,0.0,1.0
assoc_cg00007765,0.0,202,0.0,1.0
assoc_cg00007904,0.0,203,0.0,1.0
assoc_cg00007985,0.0,204,0.0,1.0
assoc_cg00008083,0.0,205,0.0,1.0
assoc_cg00008113,0.0,206,0.0,1.0
assoc_cg00006950,0.0,207,0.0,1.0
assoc_cg00006687,0.0,208,0.0,1.0
var_cg00006878,0.0,209,0.0,1.0
assoc_cg00006630,0.0,210,0.0,1.0
assoc_cg00005876,0.0,211,0.0,1.0
assoc_cg00005890,0.0,212,0.0,1.0
assoc_cg00005921,0.0,213,0.0,1.0
assoc_cg00005923,0.0,214,0.0,1.0
assoc_cg00005950,0.0,215,0.0,1.0
assoc_cg00005972,0.0,216,0.0,1.0
assoc_cg00006039,0.0,217,0.0,1.0
assoc_cg00006087,0.0,218,0.0,1.0
assoc_cg00006099,0.0,219,0.0,1.0
assoc_cg00006105,0.0,220,0.0,1.0
assoc_cg00006231,0.0,221,0.0,1.0
assoc_cg00006251,0.0,222,0.0,1.0
assoc_cg00006252,0.0,223,0.0,1.0
assoc_cg00006297,0.0,224,0.0,1.0
assoc_cg00006307,0.0,225,0.0,1.0
assoc_cg00006328,0.0,226,0.0,1.0
assoc_cg00006435,0.0,227,0.0,1.0
assoc_cg00006489,0.0,228,0.0,1.0
assoc_cg00006576,0.0,229,0.0,1.0
assoc_cg00008115,0.0,230,0.0,1.0
assoc_cg00008203,0.0,231,0.0,1.0
assoc_cg00008243,0.0,232,0.0,1.0
assoc_cg00008259,0.0,233,0.0,1.0
assoc_cg00009317,0.0,234,0.0,1.0
assoc_cg00009427,0.0,235,0.0,1.0
assoc_cg00009471,0.0,236,0.0,1.0
assoc_cg00009502,0.0,237,0.0,1.0
assoc_cg00009569,0.0,238,0.0,1.0
assoc_cg00009597,0.0,239,0.0,1.0
assoc_cg00009639,0.0,240,0.0,1.0
assoc_cg00009694,0.0,241,0.0,1.0
assoc_cg00009710,0.0,242,0.0,1.0
assoc_cg00009855,0.0,243,0.0,1.0
assoc_cg00009894,0.0,244,0.0,1.0
assoc_cg00009987,0.0,245,0.0,1.0
pathway_alcohol_metabolism,0.0,246,0.0,1.0
pathway_immune_response,0.0,247,0.0,1.0
pathway_liver_function,0.0,248,0.0,1.0
age_accel_horvath,0.0,249,0.0,1.0
age,0.0,250,0.0,1.0
sex,0.0,251,0.0,1.0
bmi,0.0,252,0.0,1.0
assoc_cg00009309,0.0,253,0.0,1.0
assoc_cg00009257,0.0,254,0.0,1.0
assoc_cg00009159,0.0,255,0.0,1.0
assoc_cg00008696,0.0,256,0.0,1.0
assoc_cg00008379,0.0,257,0.0,1.0
assoc_cg00008427,0.0,258,0.0,1.0
assoc_cg00008564,0.0,259,0.0,1.0
assoc_cg00008616,0.0,260,0.0,1.0
assoc_cg00008626,0.0,261,0.0,1.0
assoc_cg00008660,0.0,262,0.0,1.0
assoc_cg00008670,0.0,263,0.0,1.0
assoc_cg00008686,0.0,264,0.0,1.0
assoc_cg00008700,0.0,265,0.0,1.0
assoc_cg00009119,0.0,266,0.0,1.0
assoc_cg00008709,0.0,267,0.0,1.0
assoc_cg00008741,0.0,268,0.0,1.0
assoc_cg00008773,0.0,269,0.0,1.0
assoc_cg00008787,0.0,270,0.0,1.0
assoc_cg00008895,0.0,271,0.0,1.0
assoc_cg00008915,0.0,272,0.0,1.0
assoc_cg00008986,0.0,273,0.0,1.0
assoc_cg00009103,0.0,274,0.0,1.0
assoc_cg00005857,0.0,275,0.0,1.0
assoc_cg00005832,0.0,276,0.0,1.0
assoc_cg00005784,0.0,277,0.0,1.0
assoc_cg00003039,0.0,278,0.0,1.0
assoc_cg00002352,0.0,279,0.0,1.0
assoc_cg00002366,0.0,280,0.0,1.0
assoc_cg00002372,0.0,281,0.0,1.0
assoc_cg00002425,0.0,282,0.0,1.0
assoc_cg00002464,0.0,283,0.0,1.0
assoc_cg00002487,0.0,284,0.0,1.0
assoc_cg00002512,0.0,285,0.0,1.0
assoc_cg00002561,0.0,286,0.0,1.0
assoc_cg00002603,0.0,287,0.0,1.0
assoc_cg00002671,0.0,288,0.0,1.0
assoc_cg00002749,0.0,289,0.0,1.0
assoc_cg00002771,0.0,290,0.0,1.0
assoc_cg00002835,0.0,291,0.0,1.0
assoc_cg00002923,0.0,292,0.0,1.0
assoc_cg00002938,0.0,293,0.0,1.0
assoc_cg00002952,0.0,294,0.0,1.0
assoc_cg00002987,0.0,295,0.0,1.0
assoc_cg00003023,0.0,296,0.0,1.0
assoc_cg00003025,0.0,297,0.0,1.0
assoc_cg00002300,0.0,298,0.0,1.0
assoc_cg00002257,0.0,299,0.0,1.0
assoc_cg00002239,0.0,300,0.0,1.0
assoc_cg00001629,0.0,301,0.0,1.0
assoc_cg00001248,0.0,302,0.0,1.0
assoc_cg00001357,0.0,303,0.0,1.0
assoc_cg00001371,0.0,304,0.0,1.0
assoc_cg00001420,0.0,305,0.0,1.0
assoc_cg00001475,0.0,306,0.0,1.0
assoc_cg00001527,0.0,307,0.0,1.0
assoc_cg00001576,0.0,308,0.0,1.0
assoc_cg00001606,0.0,309,0.0,1.0
assoc_cg00001634,0.0,310,0.0,1.0
assoc_cg00002175,0.0,311,0.0,1.0
assoc_cg00001665,0.0,312,0.0,1.0
assoc_cg00001738,0.0,313,0.0,1.0
assoc_cg00001797,0.0,314,0.0,1.0
assoc_cg00001855,0.0,315,0.0,1.0
assoc_cg00001871,0.0,316,0.0,1.0
assoc_cg00002002,0.0,317,0.0,1.0
assoc_cg00002064,0.0,318,0.0,1.0
assoc_cg00002160,0.0,319,0.0,1.0
assoc_cg00003036,0.0,320,0.0,1.0
assoc_cg00003071,0.0,321,0.0,1.0
assoc_cg00005757,0.0,322,0.0,1.0
assoc_cg00003101,0.0,323,0.0,1.0
assoc_cg00004319,0.0,324,0.0,1.0
assoc_cg00004370,0.0,325,0.0,1.0
assoc_cg00004402,0.0,326,0.0,1.0
assoc_cg00004476,0.0,327,0.0,1.0
assoc_cg00004556,0.0,328,0.0,1.0
assoc_cg00004773,0.0,329,0.0,1.0
assoc_cg00004809,0.0,330,0.0,1.0
assoc_cg00004849,0.0,331,0.0,1.0
assoc_cg00004950,0.0,332,0.0,1.0
assoc_cg00005016,0.0,333,0.0,1.0
assoc_cg00005266,0.0,334,0.0,1.0
assoc_cg00005270,0.0,335,0.0,1.0
assoc_cg00005293,0.0,336,0.0,1.0
assoc_cg00005359,0.0,337,0.0,1.0
assoc_cg00005419,0.0,338,0.0,1.0
assoc_cg00005588,0.0,339,0.0,1.0
assoc_cg00005614,0.0,340,0.0,1.0
assoc_cg00005621,0.0,341,0.0,1.0
assoc_cg00005673,0.0,342,0.0,1.0
assoc_cg00004310,0.0,343,0.0,1.0
assoc_cg00004267,0.0,344,0.0,1.0
assoc_cg00004186,0.0,345,0.0,1.0
assoc_cg00003490,0.0,346,0.0,1.0
assoc_cg00003127,0.0,347,0.0,1.0
assoc_cg00003183,0.0,348,0.0,1.0
assoc_cg00003186,0.0,349,0.0,1.0
assoc_cg00003274,0.0,350,0.0,1.0
assoc_cg00003308,0.0,351,0.0,1.0
assoc_cg00003349,0.0,352,0.0,1.0
assoc_cg00003358,0.0,353,0.0,1.0
assoc_cg00003467,0.0,354,0.0,1.0
assoc_cg00003532,0.0,355,0.0,1.0
assoc_cg00004131,0.0,356,0.0,1.0
assoc_cg00003570,0.0,357,0.0,1.0
assoc_cg00003576,0.0,358,0.0,1.0
assoc_cg00003610,0.0,359,0.0,1.0
assoc_cg00003627,0.0,360,0.0,1.0
assoc_cg00003652,0.0,361,0.0,1.0
assoc_cg00003710,0.0,362,0.0,1.0
assoc_cg00003723,0.0,363,0.0,1.0
assoc_cg00003959,0.0,364,0.0,1.0
var_cg00003986,0.0,365,0.0,1.0
var_cg00005516,0.0,366,0.0,1.0
var_cg00000399,0.0,367,0.0,1.0
var_cg00007823,0.0,368,0.0,1.0
var_cg00007256,0.0,369,0.0,1.0
var_cg00005985,0.0,370,0.0,1.0
var_cg00007766,0.0,371,0.0,1.0
var_cg00009055,0.0,372,0.0,1.0
var_cg00007198,0.0,373,0.0,1.0
var_cg00002582,0.0,374,0.0,1.0
var_cg00000629,0.0,375,0.0,1.0
var_cg00001936,0.0,376,0.0,1.0
var_cg00005724,0.0,377,0.0,1.0
var_cg00007819,0.0,378,0.0,1.0
var_cg00009592,0.0,379,0.0,1.0
var_cg00005220,0.0,380,0.0,1.0
var_cg00003542,0.0,381,0.0,1.0
var_cg00009288,0.0,382,0.0,1.0
var_cg00007313,0.0,383,0.0,1.0
var_cg00001194,0.0,384,0.0,1.0
var_cg00006416,0.0,385,0.0,1.0
var_cg00009569,0.0,386,0.0,1.0
var_cg00004201,0.0,387,0.0,1.0
var_cg00004175,0.0,388,0.0,1.0
var_cg00007726,0.0,389,0.0,1.0
var_cg00007587,0.0,390,0.0,1.0
var_cg00003941,0.0,391,0.0,1.0
var_cg00000458,0.0,392,0.0,1.0
var_cg00000068,0.0,393,0.0,1.0
var_cg00004264,0.0,394,0.0,1.0
var_cg00009664,0.0,395,0.0,1.0
var_cg00005654,0.0,396,0.0,1.0
var_cg00004860,0.0,397,0.0,1.0
var_cg00005484,0.0,398,0.0,1.0
var_cg00009211,0.0,399,0.0,1.0
var_cg00004392,0.0,400,0.0,1.0
var_cg00005226,0.0,401,0.0,1.0
var_cg00005194,0.0,402,0.0,1.0
var_cg00005400,0.0,403,0.0,1.0
var_cg00002366,0.0,404,0.0,1.0
var_cg00000056,0.0,405,0.0,1.0
var_cg00005811,0.0,406,0.0,1.0
var_cg00006495,0.0,407,0.0,1.0
var_cg00009509,0.0,408,0.0,1.0
var_cg00004268,0.0,409,0.0,1.0
var_cg00003156,0.0,410,0.0,1.0
var_cg00000903,0.0,411,0.0,1.0
var_cg00000520,0.0,412,0.0,1.0
var_cg00009873,0.0,413,0.0,1.0
var_cg00005047,0.0,414,0.0,1.0
var_cg00008773,0.0,415,0.0,1.0
var_cg00005517,0.0,416,0.0,1.0
var_cg00003182,0.0,417,0.0,1.0
var_cg00002957,0.0,418,0.0,1.0
var_cg00002924,0.0,419,0.0,1.0
var_cg00001920,0.0,420,0.0,1.0
var_cg00004519,0.0,421,0.0,1.0
var_cg00007432,0.0,422,0.0,1.0
var_cg00002526,0.0,423,0.0,1.0
var_cg00008720,0.0,424,0.0,1.0
var_cg00005209,0.0,425,0.0,1.0
var_cg00009163,0.0,426,0.0,1.0
var_cg00008565,0.0,427,0.0,1.0
var_cg00009458,0.0,428,0.0,1.0
var_cg00004057,0.0,429,0.0,1.0
var_cg00002750,0.0,430,0.0,1.0
var_cg00009893,0.0,431,0.0,1.0
var_cg00004859,0.0,432,0.0,1.0
var_cg00004970,0.0,433,0.0,1.0
var_cg00000912,0.0,434,0.0,1.0
var_cg00007030,0.0,435,0.0,1.0
var_cg00001770,0.0,436,0.0,1.0
var_cg00005499,0.0,437,0.0,1.0
var_cg00001621,0.0,438,0.0,1.0
var_cg00009701,0.0,439,0.0,1.0
var_cg00007947,0.0,440,0.0,1.0
var_cg00000250,0.0,441,0.0,1.0
var_cg00007409,0.0,442,0.0,1.0
var_cg00007295,0.0,443,0.0,1.0
var_cg00000309,0.0,444,0.0,1.0
var_cg00003115,0.0,445,0.0,1.0
var_cg00002523,0.0,446,0.0,1.0
var_cg00002841,0.0,447,0.0,1.0
var_cg00006503,0.0,448,0.0,1.0
var_cg00008709,0.0,449,0.0,1.0
var_cg00006534,0.0,450,0.0,1.0
var_cg00008011,0.0,451,0.0,1.0
var_cg00005933,0.0,452,0.0,1.0
var_cg00005134,0.0,453,0.0,1.0
var_cg00008303,0.0,454,0.0,1.0
var_cg00002987,0.0,455,0.0,1.0
var_cg00003092,0.0,456,0.0,1.0
var_cg00009643,0.0,457,0.0,1.0
var_cg00005583,0.0,458,0.0,1.0
var_cg00005096,0.0,459,0.0,1.0
var_cg00003381,0.0,460,0.0,1.0
var_cg00007486,0.0,461,0.0,1.0
var_cg00007722,0.0,462,0.0,1.0
var_cg00003992,0.0,463,0.0,1.0
var_cg00003759,0.0,464,0.0,1.0
var_cg00005842,0.0,465,0.0,1.0
var_cg00007926,0.0,466,0.0,1.0
var_cg00008840,0.0,467,0.0,1.0
var_cg00001926,0.0,468,0.0,1.0
var_cg00004870,0.0,469,0.0,1.0
var_cg00004495,0.0,470,0.0,1.0
var_cg00001835,0.0,471,0.0,1.0
var_cg00003216,0.0,472,0.0,1.0
var_cg00004730,0.0,473,0.0,1.0
var_cg00002985,0.0,474,0.0,1.0
var_cg00005258,0.0,475,0.0,1.0
var_cg00003068,0.0,476,0.0,1.0
var_cg00002105,0.0,477,0.0,1.0
var_cg00007443,0.0,478,0.0,1.0
var_cg00002771,0.0,479,0.0,1.0
var_cg00004913,0.0,480,0.0,1.0
var_cg00005488,0.0,481,0.0,1.0
var_cg00008685,0.0,482,0.0,1.0
var_cg00000137,0.0,483,0.0,1.0
var_cg00006147,0.0,484,0.0,1.0
var_cg00000169,0.0,485,0.0,1.0
var_cg00004567,0.0,486,0.0,1.0
var_cg00004767,0.0,487,0.0,1.0
var_cg00004074,0.0,488,0.0,1.0
var_cg00009381,0.0,489,0.0,1.0
var_cg00003737,0.0,490,0.0,1.0
var_cg00004113,0.0,491,0.0,1.0
var_cg00001940,0.0,492,0.0,1.0
var_cg00009131,0.0,493,0.0,1.0
var_cg00003531,0.0,494,0.0,1.0
var_cg00008063,0.0,495,0.0,1.0
var_cg00008502,0.0,496,0.0,1.0
var_cg00000512,0.0,497,0.0,1.0
var_cg00003407,0.0,498,0.0,1.0
var_cg00007483,0.0,499,0.0,1.0
var_cg00007272,0.0,500,0.0,1.0
var_cg00005312,0.0,501,0.0,1.0
var_cg00002929,0.0,502,0.0,1.0
var_cg00001059,0.0,503,0.0,1.0
var_cg00001912,0.0,504,0.0,1.0
var_cg00002784,0.0,505,0.0,1.0
var_cg00004166,0.0,506,0.0,1.0
var_cg00004536,0.0,507,0.0,1.0
var_cg00006430,0.0,508,0.0,1.0
var_cg00003127,0.0,509,0.0,1.0
var_cg00008296,0.0,510,0.0,1.0
var_cg00000814,0.0,511,0.0,1.0
var_cg00007945,0.0,512,0.0,1.0
var_cg00009405,0.0,513,0.0,1.0
var_cg00004385,0.0,514,0.0,1.0
var_cg00005917,0.0,515,0.0,1.0
var_cg00005659,0.0,516,0.0,1.0
var_cg00004558,0.0,517,0.0,1.0
var_cg00008856,0.0,518,0.0,1.0
var_cg00009511,0.0,519,0.0,1.0
var_cg00007989,0.0,520,0.0,1.0
var_cg00009824,0.0,521,0.0,1.0
var_cg00006091,0.0,522,0.0,1.0
var_cg00009716,0.0,523,0.0,1.0
var_cg00001244,0.0,524,0.0,1.0
var_cg00003426,0.0,525,0.0,1.0
var_cg00003398,0.0,526,0.0,1.0
var_cg00005106,0.0,527,0.0,1.0
var_cg00003015,0.0,528,0.0,1.0
var_cg00009031,0.0,529,0.0,1.0
var_cg00006636,0.0,530,0.0,1.0
var_cg00004284,0.0,531,0.0,1.0
var_cg00002240,0.0,532,0.0,1.0
var_cg00001603,0.0,533,0.0,1.0
var_cg00008653,0.0,534,0.0,1.0
var_cg00000766,0.0,535,0.0,1.0
var_cg00003214,0.0,536,0.0,1.0
var_cg00006703,0.0,537,0.0,1.0
var_cg00001266,0.0,538,0.0,1.0
var_cg00003504,0.0,539,0.0,1.0
var_cg00008201,0.0,540,0.0,1.0
var_cg00007554,0.0,541,0.0,1.0
var_cg00008392,0.0,542,0.0,1.0
var_cg00005386,0.0,543,0.0,1.0
var_cg00003944,0.0,544,0.0,1.0
var_cg00005370,0.0,545,0.0,1.0
var_cg00004824,0.0,546,0.0,1.0
var_cg00008249,0.0,547,0.0,1.0
var_cg00001005,0.0,548,0.0,1.0
var_cg00002181,0.0,549,0.0,1.0
var_cg00001553,0.0,550,0.0,1.0
var_cg00005813,0.0,551,0.0,1.0
var_cg00000588,0.0,552,0.0,1.0
var_cg00003671,0.0,553,0.0,1.0
var_cg00009070,0.0,554,0.0,1.0
var_cg00008077,0.0,555,0.0,1.0
var_cg00001893,0.0,556,0.0,1.0
var_cg00006605,0.0,557,0.0,1.0
var_cg00008244,0.0,558,0.0,1.0
var_cg00007720,0.0,559,0.0,1.0
var_cg00009372,0.0,560,0.0,1.0
var_cg00001420,0.0,561,0.0,1.0
var_cg00002909,0.0,562,0.0,1.0
var_cg00003592,0.0,563,0.0,1.0
var_cg00009841,0.0,564,0.0,1.0
var_cg00000489,0.0,565,0.0,1.0
var_cg00000032,0.0,566,0.0,1.0
var_cg00001418,0.0,567,0.0,1.0
var_cg00006724,0.0,568,0.0,1.0
var_cg00003518,0.0,569,0.0,1.0
var_cg00007115,0.0,570,0.0,1.0
var_cg00007469,0.0,571,0.0,1.0
var_cg00003343,0.0,572,0.0,1.0
var_cg00000911,0.0,573,0.0,1.0
var_cg00009725,0.0,574,0.0,1.0
var_cg00000916,0.0,575,0.0,1.0
var_cg00002938,0.0,576,0.0,1.0
var_cg00000479,0.0,577,0.0,1.0
var_cg00008876,0.0,578,0.0,1.0
var_cg00003099,0.0,579,0.0,1.0
var_cg00004992,0.0,580,0.0,1.0
var_cg00009024,0.0,581,0.0,1.0
var_cg00008067,0.0,582,0.0,1.0
var_cg00001066,0.0,583,0.0,1.0
var_cg00003413,0.0,584,0.0,1.0
var_cg00009317,0.0,585,0.0,1.0
var_cg00008872,0.0,586,0.0,1.0
var_cg00006520,0.0,587,0.0,1.0
var_cg00003285,0.0,588,0.0,1.0
var_cg00001788,0.0,589,0.0,1.0
var_cg00009895,0.0,590,0.0,1.0
var_cg00007439,0.0,591,0.0,1.0
var_cg00000263,0.0,592,0.0,1.0
var_cg00008211,0.0,593,0.0,1.0
var_cg00001570,0.0,594,0.0,1.0
var_cg00002605,0.0,595,0.0,1.0
var_cg00008784,0.0,596,0.0,1.0
var_cg00000802,0.0,597,0.0,1.0
var_cg00008724,0.0,598,0.0,1.0
var_cg00007472,0.0,599,0.0,1.0
var_cg00002597,0.0,600,0.0,1.0
var_cg00003408,0.0,601,0.0,1.0
var_cg00009449,0.0,602,0.0,1.0
var_cg00006417,0.0,603,0.0,1.0
var_cg00000589,0.0,604,0.0,1.0
var_cg00004321,0.0,605,0.0,1.0
var_cg00001464,0.0,606,0.0,1.0
var_cg00008794,0.0,607,0.0,1.0
var_cg00001563,0.0,608,0.0,1.0
var_cg00007477,0.0,609,0.0,1.0
var_cg00004169,0.0,610,0.0,1.0
var_cg00008609,0.0,611,0.0,1.0
var_cg00000566,0.0,612,0.0,1.0
var_cg00009019,0.0,613,0.0,1.0
var_cg00004179,0.0,614,0.0,1.0
var_cg00003877,0.0,615,0.0,1.0
var_cg00000384,0.0,616,0.0,1.0
var_cg00003462,0.0,617,0.0,1.0
var_cg00002399,0.0,618,0.0,1.0
var_cg00002629,0.0,619,0.0,1.0
var_cg00004759,0.0,620,0.0,1.0
var_cg00000554,0.0,621,0.0,1.0
var_cg00005485,0.0,622,0.0,1.0
var_cg00006122,0.0,623,0.0,1.0
var_cg00000844,0.0,624,0.0,1.0
var_cg00000421,0.0,625,0.0,1.0
var_cg00007444,0.0,626,0.0,1.0
var_cg00009865,0.0,627,0.0,1.0
var_cg00006723,0.0,628,0.0,1.0
var_cg00000957,0.0,629,0.0,1.0
var_cg00001229,0.0,630,0.0,1.0
var_cg00001826,0.0,631,0.0,1.0
var_cg00009694,0.0,632,0.0,1.0
var_cg00007612,0.0,633,0.0,1.0
var_cg00006188,0.0,634,0.0,1.0
var_cg00003490,0.0,635,0.0,1.0
var_cg00008535,0.0,636,0.0,1.0
var_cg00003997,0.0,637,0.0,1.0
var_cg00007398,0.0,638,0.0,1.0
var_cg00004763,0.0,639,0.0,1.0
var_cg00005585,0.0,640,0.0,1.0
var_cg00009122,0.0,641,0.0,1.0
var_cg00006021,0.0,642,0.0,1.0
var_cg00002742,0.0,643,0.0,1.0
var_cg00005655,0.0,644,0.0,1.0
var_cg00009002,0.0,645,0.0,1.0
var_cg00006880,0.0,646,0.0,1.0
var_cg00004591,0.0,647,0.0,1.0
var_cg00008124,0.0,648,0.0,1.0
var_cg00001482,0.0,649,0.0,1.0
var_cg00009536,0.0,650,0.0,1.0
var_cg00001640,0.0,651,0.0,1.0
var_cg00009010,0.0,652,0.0,1.0
var_cg00009576,0.0,653,0.0,1.0
var_cg00007387,0.0,654,0.0,1.0
var_cg00005552,0.0,655,0.0,1.0
var_cg00001871,0.0,656,0.0,1.0
var_cg00004051,0.0,657,0.0,1.0
var_cg00007699,0.0,658,0.0,1.0
var_cg00003608,0.0,659,0.0,1.0
var_cg00005429,0.0,660,0.0,1.0
var_cg00000842,0.0,661,0.0,1.0
var_cg00000332,0.0,662,0.0,1.0
var_cg00007674,0.0,663,0.0,1.0
var_cg00005016,0.0,664,0.0,1.0
var_cg00008054,0.0,665,0.0,1.0
var_cg00006275,0.0,666,0.0,1.0
var_cg00001887,0.0,667,0.0,1.0
var_cg00003048,0.0,668,0.0,1.0
var_cg00000057,0.0,669,0.0,1.0
var_cg00002360,0.0,670,0.0,1.0
var_cg00008790,0.0,671,0.0,1.0
var_cg00006198,0.0,672,0.0,1.0
var_cg00009988,0.0,673,0.0,1.0
var_cg00008501,0.0,674,0.0,1.0
var_cg00006336,0.0,675,0.0,1.0
var_cg00003951,0.0,676,0.0,1.0
var_cg00003143,0.0,677,0.0,1.0
var_cg00003187,0.0,678,0.0,1.0
var_cg00005550,0.0,679,0.0,1.0
var_cg00002846,0.0,680,0.0,1.0
var_cg00004271,0.0,681,0.0,1.0
var_cg00004080,0.0,682,0.0,1.0
var_cg00006441,0.0,683,0.0,1.0
var_cg00003870,0.0,684,0.0,1.0
var_cg00001880,0.0,685,0.0,1.0
var_cg00008112,0.0,686,0.0,1.0
var_cg00000334,0.0,687,0.0,1.0
var_cg00000987,0.0,688,0.0,1.0
var_cg00000047,0.0,689,0.0,1.0
var_cg00000688,0.0,690,0.0,1.0
var_cg00007021,0.0,691,0.0,1.0
var_cg00001114,0.0,692,0.0,1.0
var_cg00000329,0.0,693,0.0,1.0
var_cg00001353,0.0,694,0.0,1.0
var_cg00008520,0.0,695,0.0,1.0
var_cg00008620,0.0,696,0.0,1.0
var_cg00002299,0.0,697,0.0,1.0
var_cg00008958,0.0,698,0.0,1.0
var_cg00009757,0.0,699,0.0,1.0
var_cg00009351,0.0,700,0.0,1.0
var_cg00003433,0.0,701,0.0,1.0
var_cg00002939,0.0,702,0.0,1.0
var_cg00000610,0.0,703,0.0,1.0
var_cg00003857,0.0,704,0.0,1.0
var_cg00003523,0.0,705,0.0,1.0
var_cg00007665,0.0,706,0.0,1.0
var_cg00001372,0.0,707,0.0,1.0
var_cg00007376,0.0,708,0.0,1.0
var_cg00008453,0.0,709,0.0,1.0
var_cg00009567,0.0,710,0.0,1.0
var_cg00003246,0.0,711,0.0,1.0
var_cg00002997,0.0,712,0.0,1.0
var_cg00009593,0.0,713,0.0,1.0
var_cg00005181,0.0,714,0.0,1.0
var_cg00006461,0.0,715,0.0,1.0
var_cg00002963,0.0,716,0.0,1.0
var_cg00001326,0.0,717,0.0,1.0
var_cg00001506,0.0,718,0.0,1.0
var_cg00005637,0.0,719,0.0,1.0
var_cg00002892,0.0,720,0.0,1.0
var_cg00003837,0.0,721,0.0,1.0
var_cg00008366,0.0,722,0.0,1.0
var_cg00004429,0.0,723,0.0,1.0
var_cg00000438,0.0,724,0.0,1.0
var_cg00000952,0.0,725,0.0,1.0
var_cg00005244,0.0,726,0.0,1.0
var_cg00005927,0.0,727,0.0,1.0
var_cg00006585,0.0,728,0.0,1.0
var_cg00005343,0.0,729,0.0,1.0
var_cg00001820,0.0,730,0.0,1.0
genetic_risk_score,0.0,731,0.0,1.0
